{
  "translate_text": {
    "precision": 0.96,
    "recall": 1.0,
    "f1-score": 0.9795918367346939,
    "support": 48,
    "confused_with": {}
  },
  "target_langage": {
    "precision": 0.0,
    "recall": 0.0,
    "f1-score": 0.0,
    "support": 1,
    "confused_with": {
      "target_language": 1
    }
  },
  "target_language": {
    "precision": 0.9285714285714286,
    "recall": 1.0,
    "f1-score": 0.962962962962963,
    "support": 13,
    "confused_with": {}
  },
  "micro avg": {
    "precision": 0.953125,
    "recall": 0.9838709677419355,
    "f1-score": 0.9682539682539683,
    "support": 62
  },
  "macro avg": {
    "precision": 0.6295238095238095,
    "recall": 0.6666666666666666,
    "f1-score": 0.6475182665658856,
    "support": 62
  },
  "weighted avg": {
    "precision": 0.937926267281106,
    "recall": 0.9838709677419355,
    "f1-score": 0.9603052690610293,
    "support": 62
  },
  "accuracy": 0.9903536977491961
}